Name,Address,Phone,Email
Aleshia,14 Taylor St,01835-703597,atomkiewicz@hotmail.com
Evan,5 Binney St,01937-864715,evan.zigomalas@gmail.com
France,8 Moor Place,01347-368222,france.andrade@hotmail.com
Ulysses,505 Exeter Rd,01912-771311,ulysses@hotmail.com
Tyisha,5396 Forth Street,01547-429341,tyisha.veness@hotmail.com
Eric,9472 Lind St,01969-886290,erampy@rampy.co.uk
Marg,7457 Cowl St #70,01865-582516,marg@hotmail.com
Laquita,20 Gloucester Pl #96,01746-394243,laquita@yahoo.com
Lura,929 Augustine St,01907-538509,lura@hotmail.com
Yuette,45 Bradfield St #166,01903-649460,yuette.klapec@klapec.co.uk
Fernanda,620 Northampton St,01630-202053,fernanda@writer.co.uk
Charlesetta,5 Hygeia St,01276-816806,charlesetta_erm@gmail.com
Corrinne,2150 Morley St,01625-932209,corrinne_jaret@gmail.com
Niesha,24 Bolton St,01874-856950,niesha.bruch@yahoo.com
Rueben,4 Forrest St,01976-755279,rueben_gastellum@gastellum.co.uk
Michell,89 Noon St,01967-580851,mthrossell@throssell.co.uk
Edgar,99 Guthrie St,01326-532337,edgar.kanne@yahoo.com
Dewitt,7 Richmond St,01253-528327,dewitt.julio@hotmail.com
Charisse,9165 Primrose St,01719-831436,charisse_spinello@spinello.co.uk
Mee,9 Pengwern St,01578-287816,mee.lapinski@yahoo.com
Peter,4410 Tarlton St,01842-767201,peter_gutierres@yahoo.com
Octavio,6949 Bourne St,01552-709248,octavio.salvadore@yahoo.com
Martha,148 Rembrandt St,01677-684257,mteplica@teplica.co.uk
Tamesha,2200 Nelson St #58,01217-342071,tveigel@veigel.co.uk
Tess,61 Rossett St,01473-229124,tess_sitra@hotmail.com
Leonard,41 Canning St,01230-623547,lkufner@kufner.co.uk
Svetlana,8289 Cadogan St,01781-827317,svetlana_tauras@tauras.co.uk
Pok,211 Hobart St,01866-248660,pok@yahoo.com
Augustine,114 Falkland St #8845,01541-802635,augustine.growcock@growcock.co.uk
Karma,1 Birkett St,01857-864722,kquarto@gmail.com
Reed,5147 Blackstone St,01243-678286,reed_weisinger@yahoo.com
German,7 Shenstone St,01400-269033,german@hotmail.com
Milly,129 Alexander Pope St,01702-725589,milly@gmail.com
Luis,2 Birchfield Rd,01462-648669,luis@hotmail.com
Ciara,7523 Kempton Rd,01235-647932,ciara_cobbley@hotmail.com
Alethea,6305 Elstow St,01662-114247,alethea@hotmail.com
Margurite,218 Greenbank Drive,01407-866759,mloperfido@gmail.com
Vernice,8921 Forge St,01822-563044,vernice@yahoo.com
Vicente,3060 St Ambrose Grove #261,01327-770774,vicente_rawicki@hotmail.com
Craig,8388 Bessemer St #5,01483-418969,craig@hotmail.com
Jenise,87 Pownall Sq,01709-854691,jenise.dulle@hotmail.com
Marylin,39 Wye St,01609-882184,marylin_cornelison@yahoo.com
Marget,2732 Bostock St #1,01693-310794,mgunst@yahoo.com
Annett,5562 Fairfield St #847,01891-702579,abunselmeyer@hotmail.com
Kip,37 Meadow St,01850-347846,kip.turziano@yahoo.com
Melina,3 Nevison St,01420-307327,melina@gmail.com
Tina,5662 William Moult St,01567-296442,tclapham@gmail.com
Luisa,3 North View #35,01607-269930,ldevereux@gmail.com
Pedro,135 Opie St,01386-981141,paschoff@yahoo.com
Carrol,1 Askew St,01260-641258,carrol_kunimitsu@yahoo.com
Alba,4 Burnall St,01543-198690,alba@gmail.com
Domonique,95 Denton St,01355-500797,domonique@hotmail.com
Rory,5 Chadwick St #7,01252-621329,rory_neufville@neufville.co.uk
Dustin,67 Micawber St,01712-135466,dklingaman@gmail.com
Lyndia,43 Williamson St #7995,01469-300335,lyndia_moonshower@moonshower.co.uk
Jules,5 Howe St,01428-343825,jules@yahoo.com
Dong,7 Cheapside #9,01770-129032,dkopczynski@kopczynski.co.uk
Justine,85 Bridgewater St,01689-253476,justine_salta@yahoo.com
Chantay,763 Parkfield Rd,01823-383806,ckamens@hotmail.com
Tequila,662 Grove Park,01835-634521,tequila.chisum@chisum.co.uk
Maybelle,5410 Lawton St,01383-647035,mconsolazio@yahoo.com
Margarett,3 August Rd,01670-813697,margarett@gmail.com
Janessa,476 Starkie St,01472-324699,jnoonon@yahoo.com
Sol,6448 Tillard St,01412-528394,sol@gmail.com
Louann,3055 Creswick St,01670-234959,louann@gmail.com
Lindsay,7 Jolliffe St,01947-566661,lindsay_yadao@yadao.co.uk
Malika,1175 Greig St,01532-497454,malika@gmail.com
Stefany,636 Portland Place,01743-977277,stefany@hotmail.com
Abraham,41 Benedict St,01599-245408,acratch@gmail.com
Giuseppe,62 Margaret St,01345-400452,giuseppe@yahoo.com
Kiera,5152 Sophia St,01655-519837,kbassil@bassil.co.uk
Wendell,1 Back Canning St,01837-530939,wendell_rubano@hotmail.com
Stevie,9 Gradwell St,01262-808399,stevie_stifflemire@stifflemire.co.uk
Yun,9205 Upper Hill St,01350-332706,yun_paletta@paletta.co.uk
Brittani,9 Horatio St,01686-306597,bthurm@yahoo.com
Billy,61 Miriam St,01537-356648,billy.venus@yahoo.com
Brynn,67 Pulford St,01388-416867,brynn@yahoo.com
Elroy,821 Pembroke Place,01589-654152,epiehler@piehler.co.uk
Anisha,3 Alder St,01780-704167,ashulick@yahoo.com
Bettina,80 Morecambe St,01355-192668,bettina.kham@kham.co.uk
Velda,7866 Renshaw St #283,01823-526645,velda_mancilla@mancilla.co.uk
Marta,658 Lake St,01777-469402,marta.brace@brace.co.uk
Juan,5382 Redfern St,01961-642757,juan_vanwyhe@gmail.com
Lelia,45 Bidder St #38,01367-136951,lelia.filion@filion.co.uk
Una,6766 Britton St #379,01912-749219,ufrankel@hotmail.com
Eva,7 Lear Rd,01779-720349,eva.joulwan@gmail.com
Mammie,2577 Toxteth St #5,01527-579687,mammie_dormanen@hotmail.com
Jeannetta,761 Cockerell St #1,01927-790069,jeannetta_coolidge@gmail.com
Elbert,9 Cypress St,01753-784273,edrawe@drawe.co.uk
Lenny,6 Romilly St,01312-233253,lenny.gazzola@yahoo.com
Mira,51 St Anne St #12,01241-273991,mira.alpheaus@yahoo.com
Cathern,823 Idris St,01898-134749,cathern.ungar@ungar.co.uk
Malcom,8764 Nickleby St #877,01478-110943,malcom.fleckles@gmail.com
Monroe,5344 Bengel St #5,01402-733903,mdamato@damato.co.uk
Leota,8880 Great Howard St #7750,01358-446391,lfletchen@gmail.com
Berry,9 Oakleigh,01448-211489,berry@gmail.com
Meghan,83 Denbigh St Bootle,01462-474800,meghan@riherd.co.uk
Mike,30 Aughton St,01240-600327,mike_torner@torner.co.uk
Elsa,260 Saxon St,01537-525550,elsa_delisle@gmail.com
Linwood,3 Pyramid St,01546-942059,linwood.rosenlof@yahoo.com
Latosha,37 Langham St #948,01704-508066,latosha@yahoo.com
Alexia,94 Villars St,01560-328739,alexia.meenan@meenan.co.uk
Graham,73 Hawkstone St,01860-191930,gstanwick@gmail.com
Elinore,123 Sussex St,01457-837447,elinore.fulda@fulda.co.uk
Lisbeth,484 Barry St,01931-620849,lcreecy@gmail.com
Eloisa,7033 Micawber St,01337-695353,eloisa.faurote@hotmail.com
Shawana,33 Vipond St,01413-348876,shawana@yahoo.com
Alyssa,85 Hero St,01632-887825,alyssa_ansbro@gmail.com
Kyoko,77 Reading St #8,01235-173362,kyoko_mcmillian@gmail.com
Terry,274 Altcar Ave,01555-550015,tgauthier@yahoo.com
Sena,38 Avondale Rd #79,01756-678490,sena.langenbach@hotmail.com
Cristen,4679 Curzon St,01354-864473,cnesset@nesset.co.uk
Lashawn,13 Nelson Rd,01676-780022,lashawn.ker@gmail.com
Wade,2546 Hunter St,01712-978062,wade@hotmail.com
Whitney,77 Mason St #650,01224-605237,whitney@gmail.com
Deja,94 Wakefield St,01378-234592,deja.conatser@hotmail.com
Earnestine,529 Stalmine Rd #3680,01807-346103,earnestine_casper@hotmail.com
Frankie,52 Morningside Rd #1,01295-678319,fmarruffo@gmail.com
Paola,94 Enid St,01333-642646,pdease@gmail.com
Rodrigo,661 Great Crosshall St,01936-611490,rodrigo@hotmail.com
Luther,227 Albert Terrace,01536-639256,luther@gmail.com
Casey,464 Back Nile St #618,01728-100333,casey.dondero@hotmail.com
Ressie,42 Eastwood St,01996-854517,ressie_bontemps@bontemps.co.uk
Sean,2877 Grain St,01773-139510,sean.schurman@schurman.co.uk
Celestina,13 Stockdale St #779,01763-475078,cpince@pince.co.uk
Maira,9 Cropper St,01582-839217,maira.karas@yahoo.com
Beth,3 Gaskell St,01210-926114,bbarbone@barbone.co.uk
Wei,5221 Royston St,01912-146880,wei_nobel@hotmail.com
Melissia,83 St Johns Lane #43,01515-360513,mslotemaker@gmail.com
Letha,603 Pall Mall,01694-424205,letha_akey@akey.co.uk
Isaac,76 Dawber St #6,01939-738818,isaac.semrad@semrad.co.uk
Kristine,3380 Alexander St,01710-435506,kristine.klipfel@yahoo.com
Odette,216 Lissant St #8,01712-248851,odette_moussette@gmail.com
Hobert,92 Phythian St #614,01245-353227,hobert@gmail.com
Isadora,792 Queens Rd,01526-145485,isadora.mchughes@mchughes.co.uk
Emily,5196 York St,01416-913482,emily.pogorelc@yahoo.com
Desire,428 Kearsley St,01819-701096,desire@gmail.com
Rosalind,8 Chestnut St,01918-999052,rosalind.stamps@stamps.co.uk
Vernell,998 Roe St #6,01954-363885,vernell@hotmail.com
Micheline,3 Copenhagen Rd,01857-518738,micheline.mathieson@yahoo.com
Nathan,293 Vivian St,01555-702650,nathan.outhouse@gmail.com
Allene,8 Barlow St #6,01731-825958,allene.burau@hotmail.com
Julie,5 Shakspeare St #66,01225-180983,julie@gmail.com
Francisca,7 Carolina St,01345-878334,fshuhi@shuhi.co.uk
Marisha,52 Trowbridge St,01257-461104,marisha.wilcoxon@gmail.com
Telma,25 Village St,01500-649863,telma@maraia.co.uk
Luke,4 Peach St #5112,01375-820236,luke.crete@crete.co.uk
Hubert,3614 Old Hall St #604,01408-965643,hubert.mias@gmail.com
Janella,3768 Hey Green Rd,01746-505364,jaltobell@hotmail.com
Angelo,97 Newlands St,01544-247601,angelo.lavista@gmail.com
Tran,6226 Maitland St,01609-235350,tran.mandiola@hotmail.com
Reynalda,891 Crocus St,01951-872658,reynalda@vanhooser.co.uk
Salley,1 Segrave St,01858-162078,salley.rieger@gmail.com
Cheryll,666 Moor Place,01780-380120,cheryll_yurich@yurich.co.uk
Crista,1554 Christopher St,01976-784016,crista@yahoo.com
Lino,55 Margaret Rd,01316-590173,lino.sutulovich@gmail.com
Galen,8830 Antonio St,01220-653456,galen.wendorf@wendorf.co.uk
Gilbert,82 Sinclair St,01455-565046,gilbert.langarica@gmail.com
Whitney,7568 Atlas St,01255-383731,whitney.goossen@hotmail.com
Socorro,93 Clyde Rd #9,01311-567052,socorro_abrahams@abrahams.co.uk
Mauricio,18 Nimrod St,01640-813748,mflam@gmail.com
Phillip,6 Cannock St,01490-898175,paloi@hotmail.com
Gilberto,2258 Benedict St,01582-161403,gerixon@gmail.com
Thad,9302 Ismay St #6,01506-152661,thad_puskarich@puskarich.co.uk
Bambi,3347 Lawrence Rd #456,01676-354943,bambi.favaron@yahoo.com
Marshall,47 Elwy St,01913-454226,marshall@hotmail.com
Chery,553 Picton Rd,01274-659801,cwiederin@yahoo.com
Eileen,9986 Cantsfield St,01904-227024,eileen@yahoo.com
Melita,1 Sussex St,01431-484822,melita.szpak@szpak.co.uk
Ashley,9548 Ogwen St #84,01740-739731,ashley_jessie@jessie.co.uk
Laila,57 St Georges Hill,01550-206220,lfend@gmail.com
Bobbie,385 Upper Hampton St #39,01496-781616,bguillereault@gmail.com
Dana,6378 Lyell St #48,01847-224345,dpaluszynski@paluszynski.co.uk
Freida,675 Falstaff St #170,01773-691786,freida_newyear@yahoo.com
Val,87 Pelops St,01387-155607,vcellucci@yahoo.com
Horace,5 Eyes St,01924-556297,horace.knapp@yahoo.com
Joana,2427 Olney St #7,01320-402522,jreinecke@reinecke.co.uk
Tiara,805 Westbank Rd,01270-562265,tiara_schlichter@schlichter.co.uk
Dacia,36 Cranmer St #4697,01984-926059,dacia.swaisgood@swaisgood.co.uk
Myong,2 Kirkdale Rd,01897-419567,mbabineaux@babineaux.co.uk
Gene,4687 Atherton St,01257-354396,gene_bleile@bleile.co.uk
Kanisha,513 Bailey St,01770-697837,kanisha@gmail.com
Ayesha,620 Old Leeds St,01284-871485,ayesha@gmail.com
Lanie,5149 Maria Rd,01218-415062,lanie.smalarz@yahoo.com
Jaleesa,8 Taylor St,01507-519053,jpolintan@polintan.co.uk
Tamekia,588 Venmore St,01794-317624,tamekia.flotow@hotmail.com
Ula,1 Newby St,01291-565542,ula@hotmail.com
Rosendo,5588 Lake St #903,01404-343160,rratel@yahoo.com
Timmy,9112 Hardwick St,01651-232745,tlintner@hotmail.com
Zita,2395 Gloucester Pl,01368-497445,zita_speltz@yahoo.com
Aleisha,341 Birchfield St,01341-997268,aleisha.lemm@gmail.com
Naomi,9854 Ranelagh Place,01469-888112,naomi.lavezzo@yahoo.com
Aretha,8 Nova Scotia,01816-462521,aretha@hotmail.com
Mila,72 Lime Place,01300-650262,mila_figuera@yahoo.com
Orville,907 Denman St,01998-694754,orville_zuehl@zuehl.co.uk
Gabriele,5 Garfield St #9,01404-425588,gabriele@geschke.co.uk
Kara,345 Feltwell Rd,01691-316298,kara@yahoo.com
Kenny,1 Towson St,01753-900033,kenny@lin.co.uk
Vashti,4 Candia St #6,01311-723137,vashti@gmail.com
Jordan,2 Cherry Lane,01793-443665,jordan_handsaker@gmail.com
Carisa,7 Britannia Ave #875,01911-775929,carisa.degenhardt@degenhardt.co.uk
Audrie,63 Brunswick Sq,01344-670413,adanaher@yahoo.com
Shaunna,5 Gainsborough Rd,01658-509610,shaunna.rodamis@yahoo.com
Coleen,745 Goodall St #9309,01956-525612,coleen.langer@hotmail.com
Katie,1267 Alderson Rd,01606-772920,katie@choinski.co.uk
Dannie,2 Gay St #3702,01675-779811,dbrau@brau.co.uk
Ashanti,3409 Benns Gardens,01352-599278,adonn@yahoo.com
Madalyn,1 Lower Burlington St,01974-720949,madalyn.dubberly@gmail.com
Santos,4706 Chapel Place #5993,01614-431131,santos@gmail.com
Alyce,4 Mather St,01361-927368,alyce@yahoo.com
Pearly,9960 Gilroy Rd,01329-374051,pero@hotmail.com
Cherrie,3 Burnall St,01373-498883,cherrie_nitschke@yahoo.com
Maia,8 Bigham Rd,01950-708083,maia_shadd@gmail.com
Edwin,950 Gordon St,01366-667615,edwin_logghe@hotmail.com
Leigha,784 Juno St #7653,01406-216625,lsemenza@yahoo.com
Walker,69 Chantrey St #90,01245-616596,walker.seeger@yahoo.com
Nakita,4 Northbrook St #600,01679-150583,nakita_rodrigues@gmail.com
Kattie,526 Liffey St #759,01322-491007,kozane@gmail.com
Lamar,6301 Dorset Rd,01716-613102,lsuite@yahoo.com
Juliana,4 Summer Seat Bootle,01962-844141,juliana.uken@yahoo.com
Chan,84 Walton Village,01507-583669,chan@gmail.com
Delpha,8 Tagus St #9814,01322-480025,delpha.detamore@yahoo.com
Floyd,770 Jamaica St,01882-970809,floyd_tivis@hotmail.com
Chantell,11 Tetlow St,01607-329400,chantell_besong@gmail.com
Martin,7642 Ledward St,01919-185409,mfonua@yahoo.com
Hyun,1432 Rutland Ave,01594-744010,hyun@gmail.com
Nada,22 Harewood St #95,01576-627827,nada@hotmail.com
Elizabeth,645 Lister Drive,01634-662999,elizabeth@gmail.com
Dominic,8977 Old Leeds St #87,01725-615270,dwashmuth@hotmail.com
Alise,22 Delamore St,01266-695304,alise.packebush@gmail.com
Flo,35 Walton Lane,01983-847833,flo.bardsley@hotmail.com
Bonita,22 Kilshaw St,01989-617161,bsandblom@gmail.com
Royal,1 Argyle St,01934-427282,royal.rush@yahoo.com
Erasmo,3 Garden Lane,01492-454455,erasmo.talentino@hotmail.com
Mari,4309 Chisenhale St,01423-202676,msmeby@gmail.com
Eleonora,758 Woodhouse St,01966-685595,eleonora@gmail.com
Therese,18 Ouse St,01611-691262,tshiraki@gmail.com
Rodolfo,5 Ruskin St,01576-536794,rodolfo_scavuzzo@yahoo.com
Cruz,4565 Blackstock St,01710-616480,cruz@hotmail.com
Arlyne,8361 Cottenham St,01907-958462,arlyne.dellinger@yahoo.com
Edward,1267 Audley St,01242-422459,edward_strejan@gmail.com
Christoper,845 Atherton St,01455-958797,christoper@gmail.com
Melda,150 Margaret Rd,01879-572287,melda.colamarino@colamarino.co.uk
Margot,9923 Dinorben St #4838,01925-895879,margot.peay@yahoo.com
Gerald,186 Craven St #68,01593-647422,gdrozdenko@yahoo.com
Tomoko,5160 High St #38,01731-573285,tomoko@renno.co.uk
Mendy,3833 Sidney Rd,01378-845450,mendy.wassmann@wassmann.co.uk
Daryl,6267 Greenland St,01391-238570,dhilcher@hotmail.com
Ty,14 Landseer Rd,01964-503521,tfeeback@gmail.com
King,30 Seville St,01908-714833,king_vanacore@yahoo.com
Isidra,79 Chelmsford St,01600-982590,ivarnado@varnado.co.uk
Tonja,8 South John St,01683-204727,tdriesenga@driesenga.co.uk
Shaquana,50 Townsend St,01641-726098,shaquana@hotmail.com
Gilberto,7643 Campbell St,01304-758732,gfeagins@gmail.com
Rex,371 Oakleigh,01955-496773,rfaehnle@faehnle.co.uk
Adolph,9874 Oakfield Rd,01731-429712,adolph_cunningham@hotmail.com
Queen,6 Princes St,01567-846944,queen_leader@gmail.com
Rebbecca,4190 Seacombe St,01583-168158,rrufenacht@yahoo.com
Ardella,3145 Rhyl St,01813-786468,ardella.goldrup@goldrup.co.uk
Dallas,4919 Lime Grove,01356-551432,dallas_miyashiro@miyashiro.co.uk
Vivan,8 Carolina St,01907-573672,vjenious@yahoo.com
Han,1592 Price St,01532-163009,han_dzledzic@hotmail.com
Emilio,2 Weller St,01845-679016,emilio_guitierrez@guitierrez.co.uk
Latia,18 Thomas St,01695-303367,lcos@yahoo.com
Lilli,42 Hey Green Rd,01752-399931,lilli@yahoo.com
Maryanne,256 Vesuvius St #159,01455-447890,maryanne@hotmail.com
Eliz,82 Denison St #2642,01699-467608,eliz@gmail.com
Laura,1779 Bird St,01821-208235,laura_gumaer@gmail.com
Leanora,99 College St South #1,01564-503370,lrespicio@respicio.co.uk
Sherell,29 Greenleaf St,01523-372834,spomarico@hotmail.com
Charlie,39 Hooton Place,01295-844061,charlie@isita.co.uk
Veronique,198 Ranelagh Place,01632-762032,vnuckolls@gmail.com
Antonio,353 Standish St #8264,01559-403415,antonio.villamarin@gmail.com
Louvenia,87 Eldon Place,01315-409372,lkincannon@kincannon.co.uk
Roxanne,592 Catharine St,01317-299836,roxanne_hedegore@gmail.com
Eve,1661 Arrow St,01746-129962,eve.hoffstot@yahoo.com
Kenda,7 Netley St,01840-188852,kkoza@koza.co.uk
Elden,7 St Edmonds Rd,01539-784239,elden_mercik@mercik.co.uk
Kami,6996 Wrenbury St,01775-876516,kami@yahoo.com
Selene,2 Prince Rupert St,01741-833047,selene@yahoo.com
Deangelo,9970 Clyde Rd,01748-535438,deangelo_rardon@yahoo.com
Olen,9 Fielding St,01654-865551,olen@gmail.com
Lanie,555 Ludlow St,01973-841918,lanie@yahoo.com
Lynna,1 James St #4,01914-909214,lynna@yahoo.com
Jody,3 Byng St #524,01822-390245,jody_klitzing@hotmail.com
Antonio,425 Howley St,01463-409090,antonio_glasford@glasford.co.uk
Merilyn,4041 Virgil St,01770-233355,merilyn_scurci@hotmail.com
Elliott,32 High Park St #44,01727-926540,elliott@gmail.com
Leonie,88 Vernon St,01515-840778,leonie_devereux@gmail.com
Eulah,62 Euston St,01666-133305,eulah@syrop.co.uk
Marsha,74 Medlock St,01203-684728,marsha.tarry@yahoo.com
Mignon,80 Talbot St,01934-252795,mignon@gmail.com
Tu,31 Buckingham Ave #3785,01578-744350,tu_rivet@gmail.com
Adelle,162 Grayson St,01624-595660,adelle_schantini@yahoo.com
Douglass,5 Webb St #8,01305-958705,douglass@fonnesbeck.co.uk
Evette,8092 Firdale Rd,01277-740331,emazierski@mazierski.co.uk
Geraldo,68 Carno St,01374-376226,gokoren@okoren.co.uk
Clarinda,714 Moored St,01902-887021,cpelayo@pelayo.co.uk
Reuben,545 North John St,01337-407282,reuben.mccorrison@hotmail.com
Yen,21 Pilgrim St,01882-911812,ygroody@groody.co.uk
Tanja,9772 Teilo St,01584-615989,tanja.milne@yahoo.com
Jerlene,33 Fonthill Rd,01993-956208,jholtgrewe@yahoo.com
Almeta,3 Ivyleigh,01291-250423,akeehner@hotmail.com
Wilda,501 Sandon Terrace #200,01950-109108,wilda@brigham.co.uk
Remedios,9 Duckenfield St,01536-498792,remedios.arlinghaus@gmail.com
Margret,5466 Sedley St,01626-590776,margret@alcazar.co.uk
Denny,75 Brewster St #453,01349-134533,dcasalenda@gmail.com
Carolynn,7901 Beech St,01815-665993,carolynn.atkison@hotmail.com
Amina,684 Cotswold St,01536-114519,amina@yahoo.com
Janna,5 April Rd #13,01684-628072,jprzybyl@przybyl.co.uk
Emiko,8 Village St,01660-135336,emiko.sayre@yahoo.com
In,7 Haddock St #34,01574-363346,in_muns@muns.co.uk
Eleni,9 Mather St,01208-373467,eleni_vanscoik@gmail.com
Kandis,70 Rose Vale,01797-837270,kalsbury@hotmail.com
Kina,29 Oregon St,01515-506025,kina_saltman@gmail.com
Jacki,15 East Albert Rd,01820-396117,jacki.sterback@gmail.com
Fallon,3186 Naylor St,01538-649750,fallon.kerfoot@gmail.com
Precious,9 Herbert St #77,01687-288043,precious_brabble@brabble.co.uk
Glory,9830 Croxteth Rd,01469-868357,glory_ona@gmail.com
Tamesha,1054 Gladys St,01954-979729,tamesha.tyburski@gmail.com
Brande,921 Douro St #1520,01947-472569,bcutlip@yahoo.com
Olene,180 Frodsham St,01250-453315,olene_skubis@yahoo.com
Carey,7217 Edge Grove,01750-379103,cmarchetta@hotmail.com
Launa,12 Gelling St,01670-547878,launa.torez@yahoo.com
Dominga,763 Roscoe St,01341-700830,dominga@whitrock.co.uk
Dwight,419 St Andrew St,01822-404490,dbelyea@belyea.co.uk
Cornell,623 Cornhill,01608-748971,cornell.mccrossin@mccrossin.co.uk
Alverta,328 Havelock St #61,01685-141932,alverta.topete@gmail.com
Felicia,1056 College St South,01722-395799,felicia@claybrooks.co.uk
Carmen,11 Denison St #7,01692-491267,carmen@hotmail.com
Ashlee,30 Daulby St,01832-837946,ashlee.beyl@hotmail.com
Vannessa,201 Bran St,01206-207771,vannessa.land@yahoo.com
Patti,1346 Vandyke St,01539-157435,patti@rempel.co.uk
German,883 Howe St,01790-887225,german@meyerhoff.co.uk
Anika,231 Wordsworth St,01942-654793,anika@marse.co.uk
Cristina,2449 Amberly St #6364,01264-145506,cmarola@gmail.com
Lemuel,8430 Shadwell St,01580-252868,lemuel_allis@yahoo.com
Joaquin,115 Lister Rd,01616-548910,jhysom@gmail.com
Kerrie,7855 Sir Thomas St #7499,01854-749084,kmakuch@gmail.com
Alaine,1 Milton St,01927-151413,alaine@hotmail.com
Shannon,1111 Nesfield St,01620-435994,shannon@yahoo.com
Corinne,1831 Richards St #8,01933-753592,corinne@holman.co.uk
Heidy,8054 Low Hill,01958-748582,hhallford@hotmail.com
Marylyn,7252 Dansie St,01721-694690,marylyn_shonerd@yahoo.com
Maryln,76 Paulton St,01618-628525,maryln@gmail.com
Pearlie,4 Cochrane St,01235-935599,pearlie_flori@gmail.com
Nina,5679 Gloucester Pl,01434-621318,nyaklin@hotmail.com
Vivienne,45 Ledward St,01782-100832,vivienne@hotmail.com
Jacob,4 Monmouth Rd,01550-463222,jacob.kippel@yahoo.com
Tula,64 Croyland St,01846-815511,tnahmias@nahmias.co.uk
Berry,4 Vivian St,01379-603039,berry.scandalis@gmail.com
Kaycee,35 Dublin St,01270-893129,kaycee.carsten@gmail.com
Melvin,87 Pickup St,01401-151569,melvin_setter@setter.co.uk
Brianne,7 Cottenham St,01519-417660,brianne@matsumura.co.uk
Eugene,622 Holmes St,01839-920108,eugene_pelzer@gmail.com
Margery,40 Peters Lane,01634-340524,margery@hotmail.com
Noel,2 Cockburn St,01868-736780,nsarra@gmail.com
Beula,65 Oban Rd,01322-144392,beula_lingo@yahoo.com
Sheridan,31 Davy St,01512-765064,sheridan.mckenize@hotmail.com
Dino,80 Ellerslie Rd,01802-634391,dino.meinert@yahoo.com
Rebbeca,4 Sherwood St,01708-724957,rebbeca_rubinstein@hotmail.com
Celia,8362 Whithorn St,01309-159593,celia.reisling@hotmail.com
Stefania,25 Dale St #2,01698-705920,sweatherwax@yahoo.com
Leah,68 Scotland Place,01777-851028,leah@hotmail.com
Billy,338 Alfonso Rd,01270-345115,billy.selma@yahoo.com
Doug,65 Rankin St,01943-467489,dlucore@yahoo.com
Veronica,8 Cookson St,01456-906658,veronica@hotmail.com
Laquanda,7 Lockhart St,01725-370369,laquanda.kho@yahoo.com
Mohammad,363 Vandries St,01705-240007,mpoitra@yahoo.com
Mozell,8 Gertrude St,01348-989703,mozell.westad@westad.co.uk
Bronwyn,826 Rumney Rd West #7,01407-312329,bronwyn.bridgford@yahoo.com
Jeff,954 Madelaine St,01593-501965,jeff.brossoit@yahoo.com
Shantay,7602 Brook St #86,01516-850881,shopman@hopman.co.uk
Chantay,966 Bower St,01721-910475,chantay_jirsa@jirsa.co.uk
Keneth,2 Seacombe St,01919-731224,keneth_stpierrie@hotmail.com
Alton,83 Battenburg St,01767-568989,alton_rampy@gmail.com
Patrick,2 Whitefield Rd,01842-131065,patrick@hotmail.com
Theron,869 Luke St,01655-809574,theron@merriam.co.uk
Pilar,4 Ogwen St,01356-866584,pilar@yahoo.com
Lashunda,205 Forge St #4021,01422-728149,lashunda@yahoo.com
Verda,999 Upper Harrington St #61,01754-426672,vchiphe@chiphe.co.uk
Ashley,3 Greenleaf St #5644,01951-324927,ashley.tropp@gmail.com
Vesta,493 Wellington Rd,01772-461124,vhavely@havely.co.uk
Emogene,1257 Stone St,01681-212638,emogene.ritthaler@yahoo.com
Shayne,1 Bousfield St,01286-279043,smordhorst@mordhorst.co.uk
Franchesca,59 Westminster Rd,01748-827176,franchesca@gmail.com
Elmira,143 Clark St #802,01934-672498,eringlein@gmail.com
Destiny,421 Monument Place #44,01421-624966,destiny@yahoo.com
Gaston,8 Gullett St,01651-911453,gaston.szumski@hotmail.com
Ronna,2767 Pembroke St #979,01214-651738,ronna_mittler@hotmail.com
Angelica,47 Orry St #8243,01472-449327,apoisso@gmail.com
Casie,5 Noon St,01289-195823,casie@gmail.com
Magdalene,510 Belvidere Rd,01546-162965,magdalene_cocherell@yahoo.com
Erasmo,860 Rokeby St,01445-796544,egath@hotmail.com
Rosalia,9362 Solomon St #97,01414-349699,rosalia.ziv@ziv.co.uk
Lyda,916 Strand St #4753,01672-538356,lyda.cronholm@cronholm.co.uk
Lisandra,5 Bentinck St,01831-806301,lisandra_stueber@hotmail.com
Sabina,954 Birchdale Rd,01932-112259,sabina.prok@prok.co.uk
Elenore,7 Great Orford St,01470-383444,elenore_gomoran@yahoo.com
Brynn,488 Mulberry St,01963-124789,brynn_capra@yahoo.com
Leeann,1761 Johnstone St,01906-807997,leeann@gmail.com
Janet,8899 Mere Lane,01506-627051,janet_steimer@hotmail.com
Lewis,6 St Hilda St,01954-643657,lewis@yahoo.com
Jestine,2725 Underley St #6452,01257-928278,jestine_driscol@driscol.co.uk
Tatum,6061 Back Nile St,01567-457572,tparks@parks.co.uk
Kayleigh,9735 Linton St #2284,01312-772111,kayleigh.bendle@bendle.co.uk
Lili,9 Herbert St,01600-986258,lili_imondi@hotmail.com
Sunshine,40 Cairo St,01416-686933,sunshine.senechal@hotmail.com
Remona,7199 St Clare Rd,01718-274321,remona.heier@heier.co.uk
Gail,6 Conyers St #3346,01292-196869,gcarris@hotmail.com
Dong,8657 Cedar St #2,01573-788734,doropeza@hotmail.com
Larue,8 Jacob St,01577-443040,larue@yahoo.com
Goldie,6174 Botanic Pl,01867-720033,gsonkens@sonkens.co.uk
Shelia,9730 Dunnet St,01818-260618,shelia@gmail.com
Narcisa,8783 High St,01724-644767,naraiza@hotmail.com
Evelynn,8 Breckfield Road North,01289-621482,evelynn.frede@gmail.com
Arlean,82 Waterhouse Lane,01448-395723,acalaf@yahoo.com
Tamra,2 Park Rd Walton #4338,01891-816938,tamra.yu@hotmail.com
Dusti,59 Charles St,01642-202972,dusti@gmail.com
Aracelis,593 Kinglake St,01924-111018,aracelis.donham@hotmail.com
Filiberto,404 Aigburth St #4246,01559-323337,filiberto_fredrikson@gmail.com
Leana,690 Copenhagen Rd,01248-325090,lstackpole@yahoo.com
Man,7 Canton St,01590-219449,man.homer@gmail.com
Lennie,79 Pine St,01585-487560,lennie_asley@gmail.com
Arletta,9 Lodwick St,01255-805722,arletta_naomi@naomi.co.uk
Chana,9 Ogwen St,01477-796750,chana.perera@hotmail.com
Nell,1730 Seymour St,01308-582144,npao@gmail.com
Antonio,35 Elton St #3,01324-171614,antonio.heilig@gmail.com
Gerald,8 Hinton St #8241,01504-620944,gerald_kernagis@kernagis.co.uk
Sueann,751 Stamford St,01886-226100,smandril@hotmail.com
Alayna,70 Royal St,01964-720542,alayna_hoyal@hotmail.com
Talia,5 Minerva St,01711-170147,talia.marthe@gmail.com
Pansy,1 Northampton St,01674-842315,pansy@kopan.co.uk
Royce,2 Maple Grove,01972-770618,royce@hotmail.com
Cherelle,794 Hook St,01753-327307,cherelle_sorrel@gmail.com
Dudley,91 Ludlow St,01997-409950,dudley_dibartolo@yahoo.com
Nettie,51 Freehold St #224,01388-974910,nettie.aldaco@yahoo.com
Carline,7 Hey Green Rd #4,01885-707109,carline@yahoo.com
Shanda,2476 Marsh St,01329-303595,slunger@gmail.com
Emilio,597 Threlfall St #72,01523-697097,emilio_withers@yahoo.com
Lovetta,1 Jervis St,01593-438141,lovetta@study.co.uk
Felice,7602 Grantham St,01691-816025,felice.gone@hotmail.com
Stefania,10 Carisbrooke St,01706-546951,stefania_leadbeater@hotmail.com
Margarita,78 Pine Grove,01215-422453,margarita_orloski@yahoo.com
Paul,7 Varthen St,01407-775572,paul.farrin@farrin.co.uk
Anglea,8 Thomaston St,01818-292728,anglea_tritten@hotmail.com
Ona,527 Harding St,01467-554624,ona@yahoo.com
Germaine,1616 Menzies St #453,01366-388506,ghascall@hotmail.com
Vicky,3922 Leda St,01625-805645,vschellenberge@hotmail.com
Carolann,6352 Grosvenor St,01470-609953,carolann@gross.co.uk
Rusty,4313 Princes Park Terrace,01467-172590,rusty.adelsperger@yahoo.com
Cassandra,9 Sydney Place,01903-614855,cbludworth@yahoo.com
Teresita,2015 Suburban Rd,01914-501391,teresita_gesell@hotmail.com
Evangelina,769 Euston St,01563-997671,evangelina.gius@yahoo.com
Marlon,46 Stevenson St,01919-394681,mtromblay@yahoo.com
Quiana,1400 Ash St,01446-936944,quiana_scarsella@hotmail.com
Viki,8822 Trafalgar St,01721-747819,vhumeniuk@gmail.com
Domitila,28 Berwick St,01606-833878,domitila@gmail.com
Ivan,94 Regent St,01478-392232,ivan@gmail.com
Anabel,30 Marine Parade #1,01994-675650,anabel_baldock@hotmail.com
Carlton,8 Pim Hill St,01437-681317,carlton@blyler.co.uk
Rashida,8451 Bengel St,01286-317691,rashida@hotmail.com
Sherron,159 Carlton St,01481-744296,sherron@knodel.co.uk
Cora,38 Raffles St,01285-381062,cora@yahoo.com
Altha,650 Goring St,01373-594236,altha@hotmail.com
Dortha,6 Chestnut St,01528-240870,dortha@hotmail.com
Diego,4 Peover St,01275-397587,diego.augle@gmail.com
Peggy,328 Pallas St,01619-237602,peggy.khov@gmail.com
Walton,9 Waltham Rd,01872-808403,wyuki@gmail.com
Vallie,352 Strathmore Rd,01251-120872,vyafaie@hotmail.com
Tony,529 Llanrwst St,01765-102036,tony@gmail.com
Val,1980 Tynemouth St,01375-870188,val@yahoo.com
Mel,8598 Rumney Rd,01885-270480,mel.picciuto@gmail.com
Isabella,9283 Ruth St #81,01979-186995,isabella_piatkowski@piatkowski.co.uk
Erasmo,5544 Sutherland St,01507-386397,erasmo_rhea@hotmail.com
Ivory,9 Jackson St,01876-642683,ivory@hotmail.com
Nikita,3612 Bixteth St,01282-123434,nwalka@hotmail.com
Aleta,4545 Victoria Rd,01952-535977,aleta_ligons@hotmail.com
Owen,5 Hampden St,01467-142439,owen_jentzen@jentzen.co.uk
Pauline,6452 Pilgrim St #5,01990-476494,pfling@fling.co.uk
Tijuana,1149 Highfield Rd #996,01242-532395,tijuana.machalek@gmail.com
Ahmad,21 Pickwick St,01567-555570,ahmad.alsaqri@yahoo.com
Jamika,19 Soho St,01726-595316,jamika_conoly@conoly.co.uk
Derrick,236 Blantyre Rd,01982-734773,derrick_dolloff@gmail.com
Jacquelyne,70 Lilly Rd,01846-581451,jacquelyne_reibman@yahoo.com
Zachary,58 Gloucester Rd,01888-641397,zachary.freeburger@freeburger.co.uk
Sophia,88 Upper Harrington St,01504-539114,sophia.gaucher@hotmail.com
Isabelle,4920 Fazakerley Rd,01552-682601,isabelle.kono@yahoo.com
Ronnie,6 Morley St,01943-754681,ronnie@brigman.co.uk
Krystina,7316 Friar St,01441-846477,kschlabaugh@schlabaugh.co.uk
Rosita,8 Heathfield St #657,01273-236188,rausdemore@hotmail.com
Huey,275 Peel Sq,01502-139578,hstancil@hotmail.com
Elbert,726 Westmoreland Place,01724-467889,elbert@hotmail.com
Pura,7 Water St,01853-412588,pura.manciel@yahoo.com
Alesia,4 Covent Garden,01333-436799,alesia_katie@gmail.com
Avery,9166 Devon St #905,01748-625058,avery@veit.co.uk
Reid,70 Foster St,01916-963261,reuresti@euresti.co.uk
Charlette,714 Fonthill Rd,01888-152110,cbrenning@brenning.co.uk
Celestina,9 Milton St,01877-379681,celestina_keeny@gmail.com
Mi,6 Norwood Grove,01451-785624,mi@hotmail.com
